{"cameraMode":{"drawMode":0,"name":"Shaded","section":"Shading Mode"},"sceneLighting":true,"audioPlay":false,"sceneViewState":{"showFog":true,"showMaterialUpdate":true,"showSkybox":true,"showFlares":true,"showImageEffects":true,"showParticleSystems":true},"in2DMode":false,"pivot":{"x":0.15870031714439393,"y":-7.409226894378662,"z":5.124382019042969},"rotation":{"x":0.6909910440444946,"y":-0.006505436729639769,"z":0.006219088099896908,"w":0.7228065729141235},"size":13.04248046875,"orthographic":false}